original_price,description,url,price,brand_name,image_urls,now_price,images,product_name
EUR 393.16 ,"Prada Linea Rossa patent leather slide sandal. Logo lettering at thong strap. 1"" platform heel. Molded leather footbed. Rubber tread sole. Imported.",http://www.neimanmarcus.com/en-de/Prada-Patent-Leather-Thong-Sandal-Nero-All-Shoes/prod187680351_cat47190746__/p.prod?icid=&searchType=EndecaDrivenCat&rte=%252Fcategory.jsp%253FitemId%253Dcat47190746%2526pageSize%253D30%2526No%253D0%2526refinements%253D&eItemId=prod187680351&cmCat=product,,Prada,"http://images.neimanmarcus.com/ca/2/product_assets/X/3/4/A/8/NMX34A8_mu.jpg,http://images.neimanmarcus.com/ca/2/product_assets/X/3/4/A/8/NMX34A8_au.jpg,http://images.neimanmarcus.com/ca/2/product_assets/X/3/4/A/8/NMX34A8_bu.jpg,http://images.neimanmarcus.com/ca/2/product_assets/X/3/4/A/8/NMX34A8_mg.jpg,http://images.neimanmarcus.com/ca/2/product_assets/X/3/4/A/8/NMX34A8_ag.jpg,http://images.neimanmarcus.com/ca/2/product_assets/X/3/4/A/8/NMX34A8_bg.jpg",EUR 293.93,"[{'url': 'http://images.neimanmarcus.com/ca/2/product_assets/X/3/4/A/8/NMX34A8_mu.jpg', 'path': 'images/NMX34A8_mu.jpg', 'checksum': 'bd2eb7358928a4a9dde4681412472ad2'}, {'url': 'http://images.neimanmarcus.com/ca/2/product_assets/X/3/4/A/8/NMX34A8_au.jpg', 'path': 'images/NMX34A8_au.jpg', 'checksum': '9da0b9a50643db243ae80a2660d67a09'}, {'url': 'http://images.neimanmarcus.com/ca/2/product_assets/X/3/4/A/8/NMX34A8_bu.jpg', 'path': 'images/NMX34A8_bu.jpg', 'checksum': 'f56eec5c428ece77e58ca32490c9a5ab'}]","Patent Leather Thong Sandal, Nero"
,"Christian Louboutin matte calf leather sandal with cog-shaped trim. 5.5"" covered wedge heel; 1.3"" platform; 4.2"" equiv. Strap bands open toe. Asymmetric ankle strap with stretch insets. Mixed-stitch details trim midsole. Slip-on style. Calf leather lining. Signature red leather sole. ""Trepi"" is made in Italy.",http://www.neimanmarcus.com/en-de/Christian-Louboutin-Trepi-Platform-Wedge-Red-Sole-Sandal-Hazelnut-Noisette-All-Shoes/prod188570079_cat47190746__/p.prod?icid=&searchType=EndecaDrivenCat&rte=%252Fcategory.jsp%253FitemId%253Dcat47190746%2526pageSize%253D30%2526No%253D0%2526refinements%253D&eItemId=prod188570079&cmCat=product,EUR 702.07,Christian Louboutin,"http://images.neimanmarcus.com/ca/2/product_assets/X/3/5/P/H/NMX35PH_mu.jpg,http://images.neimanmarcus.com/ca/1/product_assets/X/3/5/P/H/NMX35PH_au.jpg,http://images.neimanmarcus.com/ca/1/product_assets/X/3/5/P/H/NMX35PH_bu.jpg,http://images.neimanmarcus.com/ca/2/product_assets/X/3/5/P/H/NMX35PH_mg.jpg,http://images.neimanmarcus.com/ca/1/product_assets/X/3/5/P/H/NMX35PH_ag.jpg,http://images.neimanmarcus.com/ca/1/product_assets/X/3/5/P/H/NMX35PH_bg.jpg",,"[{'url': 'http://images.neimanmarcus.com/ca/2/product_assets/X/3/5/P/H/NMX35PH_mu.jpg', 'path': 'images/NMX35PH_mu.jpg', 'checksum': 'b3b92ca67bac96b16ad4a43fc734986a'}, {'url': 'http://images.neimanmarcus.com/ca/1/product_assets/X/3/5/P/H/NMX35PH_au.jpg', 'path': 'images/NMX35PH_au.jpg', 'checksum': 'a6a9d95b2fef1bb1a78cfe7ef23c61ac'}, {'url': 'http://images.neimanmarcus.com/ca/1/product_assets/X/3/5/P/H/NMX35PH_bu.jpg', 'path': 'images/NMX35PH_bu.jpg', 'checksum': 'fd184eb80d52fc7188645599ba950688'}]","Trepi Platform Wedge Red Sole Sandal, Hazelnut (Noisette)"
,"Givenchy calf leather slide sandal. 1.3"" platform heel. Open toe. Laser-cut patent logo lettering. Molded footbed. Slip-on style. Rubber outsole. Made in Italy.",http://www.neimanmarcus.com/en-de/Givenchy-Logo-Leather-Slide-Sandal-Pink-Black-All-Shoes/prod189410019_cat47190746__/p.prod?icid=&searchType=EndecaDrivenCat&rte=%252Fcategory.jsp%253FitemId%253Dcat47190746%2526pageSize%253D30%2526No%253D0%2526refinements%253D&eItemId=prod189410019&cmCat=product,EUR 369.75,Givenchy,"http://images.neimanmarcus.com/ca/2/product_assets/X/3/6/W/R/NMX36WR_mu.jpg,http://images.neimanmarcus.com/ca/1/product_assets/X/3/6/W/R/NMX36WR_au.jpg,http://images.neimanmarcus.com/ca/2/product_assets/X/3/6/W/R/NMX36WR_mg.jpg,http://images.neimanmarcus.com/ca/1/product_assets/X/3/6/W/R/NMX36WR_ag.jpg",,"[{'url': 'http://images.neimanmarcus.com/ca/2/product_assets/X/3/6/W/R/NMX36WR_mu.jpg', 'path': 'images/NMX36WR_mu.jpg', 'checksum': '515ff3630e352a5411b5c1a7ec6f95eb'}, {'url': 'http://images.neimanmarcus.com/ca/1/product_assets/X/3/6/W/R/NMX36WR_au.jpg', 'path': 'images/NMX36WR_au.jpg', 'checksum': 'f0328c6e26f4514d2a94b31c00c16787'}]","Logo Leather Slide Sandal, Pink/Black"
,"Manolo Blahnik leather pump. 1.3"" stacked heel. Almond toe. Slingback strap with stretch inset. Smooth outsole. Slip-on style. ""Aspro Sambra"" is made in Italy.",http://www.neimanmarcus.com/en-de/Manolo-Blahnik-Aspro-Sambra-Leather-Slingback-Pump-Camel-All-Shoes/prod189620153_cat47190746__/p.prod?icid=&searchType=EndecaDrivenCat&rte=%252Fcategory.jsp%253FitemId%253Dcat47190746%2526pageSize%253D30%2526No%253D0%2526refinements%253D&eItemId=prod189620153&cmCat=product,EUR 631.86,Manolo Blahnik,"http://images.neimanmarcus.com/ca/6/product_assets/X/3/7/W/P/NMX37WP_mu.jpg,http://images.neimanmarcus.com/ca/2/product_assets/X/3/7/W/P/NMX37WP_eu.jpg,http://images.neimanmarcus.com/ca/5/product_assets/X/3/7/W/P/NMX37WP_au.jpg,http://images.neimanmarcus.com/ca/5/product_assets/X/3/7/W/P/NMX37WP_bu.jpg,http://images.neimanmarcus.com/ca/5/product_assets/X/3/7/W/P/NMX37WP_cu.jpg,http://images.neimanmarcus.com/ca/6/product_assets/X/3/7/W/P/NMX37WP_mg.jpg,http://images.neimanmarcus.com/ca/2/product_assets/X/3/7/W/P/NMX37WP_eg.jpg,http://images.neimanmarcus.com/ca/5/product_assets/X/3/7/W/P/NMX37WP_ag.jpg,http://images.neimanmarcus.com/ca/5/product_assets/X/3/7/W/P/NMX37WP_bg.jpg,http://images.neimanmarcus.com/ca/5/product_assets/X/3/7/W/P/NMX37WP_cg.jpg",,"[{'url': 'http://images.neimanmarcus.com/ca/6/product_assets/X/3/7/W/P/NMX37WP_mu.jpg', 'path': 'images/NMX37WP_mu.jpg', 'checksum': '9ed4f92ffe89af59fe3a3f6e2622d7cd'}, {'url': 'http://images.neimanmarcus.com/ca/2/product_assets/X/3/7/W/P/NMX37WP_eu.jpg', 'path': 'images/NMX37WP_eu.jpg', 'checksum': 'b4d1ca9984c4e772106294aa29a70979'}, {'url': 'http://images.neimanmarcus.com/ca/5/product_assets/X/3/7/W/P/NMX37WP_au.jpg', 'path': 'images/NMX37WP_au.jpg', 'checksum': 'dee0c856583d0f38fe12bee8972817d7'}, {'url': 'http://images.neimanmarcus.com/ca/5/product_assets/X/3/7/W/P/NMX37WP_bu.jpg', 'path': 'images/NMX37WP_bu.jpg', 'checksum': '2813faf52d81dd8d8bd818558de63f15'}, {'url': 'http://images.neimanmarcus.com/ca/5/product_assets/X/3/7/W/P/NMX37WP_cu.jpg', 'path': 'images/NMX37WP_cu.jpg', 'checksum': 'a5bc82aa89b5dc24f0494c5f32517372'}]","Aspro Sambra Leather Slingback Pump, Camel"
,"Christian Louboutin pump in calf leather, printed with Paris street map. 4"" covered heel. Pointed toe. Low-dipped vamp. Topstitched collar. Signature red leather outsole. Slip-on style. ""Decollete"" is made in Italy.",http://www.neimanmarcus.com/en-de/Christian-Louboutin-Decollete-Paris-Map-100mm-Red-Sole-Pump-Multi-All-Shoes/prod188360050_cat47190746__/p.prod?icid=&searchType=EndecaDrivenCat&rte=%252Fcategory.jsp%253FitemId%253Dcat47190746%2526pageSize%253D30%2526No%253D0%2526refinements%253D&eItemId=prod188360050&cmCat=product,EUR 697.38,Christian Louboutin,"http://images.neimanmarcus.com/ca/3/product_assets/X/3/4/Z/U/NMX34ZU_mu.jpg,http://images.neimanmarcus.com/ca/2/product_assets/X/3/4/Z/U/NMX34ZU_au.jpg,http://images.neimanmarcus.com/ca/2/product_assets/X/3/4/Z/U/NMX34ZU_bu.jpg,http://images.neimanmarcus.com/ca/3/product_assets/X/3/4/Z/U/NMX34ZU_mg.jpg,http://images.neimanmarcus.com/ca/2/product_assets/X/3/4/Z/U/NMX34ZU_ag.jpg,http://images.neimanmarcus.com/ca/2/product_assets/X/3/4/Z/U/NMX34ZU_bg.jpg",,"[{'url': 'http://images.neimanmarcus.com/ca/3/product_assets/X/3/4/Z/U/NMX34ZU_mu.jpg', 'path': 'images/NMX34ZU_mu.jpg', 'checksum': '937de346f62987b90fefb220a3478b7d'}, {'url': 'http://images.neimanmarcus.com/ca/2/product_assets/X/3/4/Z/U/NMX34ZU_au.jpg', 'path': 'images/NMX34ZU_au.jpg', 'checksum': '9a894d12d8e17cda20e1e2a7b1665733'}, {'url': 'http://images.neimanmarcus.com/ca/2/product_assets/X/3/4/Z/U/NMX34ZU_bu.jpg', 'path': 'images/NMX34ZU_bu.jpg', 'checksum': 'b06a56512fbb2325415c80dc6c317b8e'}]","Decollete Paris Map 100mm Red Sole Pump, Multi"
,"Cole Haan leather sandal. 2"" platform heel. Open toe. Grip slingback strap. Cushioned with ZeroGrand technology. Rubber outsole. Imported.",http://www.neimanmarcus.com/en-de/Cole-Haan-ZeroGrand-153-Leather-Slingback-Sandal-Sandshell-All-Shoes/prod186520021_cat47190746__/p.prod?icid=&searchType=EndecaDrivenCat&rte=%252Fcategory.jsp%253FitemId%253Dcat47190746%2526pageSize%253D30%2526No%253D0%2526refinements%253D&eItemId=prod186520021&cmCat=product,EUR 140.41,Cole Haan,"http://images.neimanmarcus.com/ca/2/product_assets/X/3/2/3/M/NMX323M_mu.jpg,http://images.neimanmarcus.com/ca/1/product_assets/X/3/2/3/M/NMX323M_eu.jpg,http://images.neimanmarcus.com/ca/2/product_assets/X/3/2/3/M/NMX323M_au.jpg,http://images.neimanmarcus.com/ca/2/product_assets/X/3/2/3/M/NMX323M_bu.jpg,http://images.neimanmarcus.com/ca/2/product_assets/X/3/2/3/M/NMX323M_mg.jpg,http://images.neimanmarcus.com/ca/1/product_assets/X/3/2/3/M/NMX323M_eg.jpg,http://images.neimanmarcus.com/ca/2/product_assets/X/3/2/3/M/NMX323M_ag.jpg,http://images.neimanmarcus.com/ca/2/product_assets/X/3/2/3/M/NMX323M_bg.jpg",,"[{'url': 'http://images.neimanmarcus.com/ca/2/product_assets/X/3/2/3/M/NMX323M_mu.jpg', 'path': 'images/NMX323M_mu.jpg', 'checksum': 'bbe3c7d77700f4bdb598e17b8ca15477'}, {'url': 'http://images.neimanmarcus.com/ca/1/product_assets/X/3/2/3/M/NMX323M_eu.jpg', 'path': 'images/NMX323M_eu.jpg', 'checksum': 'ea925124199be9b6ca7b5394a2553692'}, {'url': 'http://images.neimanmarcus.com/ca/2/product_assets/X/3/2/3/M/NMX323M_au.jpg', 'path': 'images/NMX323M_au.jpg', 'checksum': '5e5a114a1dd644830d3a0f694449d62f'}, {'url': 'http://images.neimanmarcus.com/ca/2/product_assets/X/3/2/3/M/NMX323M_bu.jpg', 'path': 'images/NMX323M_bu.jpg', 'checksum': '7f1684eb557857829c30a642db844e5a'}]","ZeroGrand Leather Slingback Sandal, Sandshell"
,"Christian Louboutin denim sandal with silvertone studded trim. 2.3"" wedge heel; 1.3"" braided jute platform; 1"" equiv. Thin strap bands open toe. Adjustable ankle strap. Lightly padded footbed. Signature red leather sole. ""Cataclou"" is made in Spain.",http://www.neimanmarcus.com/en-de/Christian-Louboutin-Cataclou-Denim-60mm-Wedge-Red-Sole-Sandal-Blue-Silver-All-Shoes/prod190820196_cat47190746__/p.prod?icid=&searchType=EndecaDrivenCat&rte=%252Fcategory.jsp%253FitemId%253Dcat47190746%2526pageSize%253D30%2526No%253D0%2526refinements%253D&eItemId=prod190820196&cmCat=product,EUR 744.19,Christian Louboutin,"http://images.neimanmarcus.com/ca/3/product_assets/X/3/A/6/F/NMX3A6F_mu.jpg,http://images.neimanmarcus.com/ca/1/product_assets/X/3/A/6/F/NMX3A6F_au.jpg,http://images.neimanmarcus.com/ca/1/product_assets/X/3/A/6/F/NMX3A6F_bu.jpg,http://images.neimanmarcus.com/ca/1/product_assets/X/3/A/6/F/NMX3A6F_cu.jpg,http://images.neimanmarcus.com/ca/3/product_assets/X/3/A/6/F/NMX3A6F_mg.jpg,http://images.neimanmarcus.com/ca/1/product_assets/X/3/A/6/F/NMX3A6F_ag.jpg,http://images.neimanmarcus.com/ca/1/product_assets/X/3/A/6/F/NMX3A6F_bg.jpg,http://images.neimanmarcus.com/ca/1/product_assets/X/3/A/6/F/NMX3A6F_cg.jpg",,"[{'url': 'http://images.neimanmarcus.com/ca/3/product_assets/X/3/A/6/F/NMX3A6F_mu.jpg', 'path': 'images/NMX3A6F_mu.jpg', 'checksum': 'e89c2d8fccae8d7f1672cfa307a08e75'}, {'url': 'http://images.neimanmarcus.com/ca/1/product_assets/X/3/A/6/F/NMX3A6F_au.jpg', 'path': 'images/NMX3A6F_au.jpg', 'checksum': '08d75d4c7c12ee0278fea81ab9925fb2'}, {'url': 'http://images.neimanmarcus.com/ca/1/product_assets/X/3/A/6/F/NMX3A6F_bu.jpg', 'path': 'images/NMX3A6F_bu.jpg', 'checksum': '1b38d4c6df1d54938188ed65ab743d6a'}, {'url': 'http://images.neimanmarcus.com/ca/1/product_assets/X/3/A/6/F/NMX3A6F_cu.jpg', 'path': 'images/NMX3A6F_cu.jpg', 'checksum': 'b7f4786eff6131d9fc786bf5eaa9beab'}]","Cataclou Denim 60mm Wedge Red Sole Sandal, Blue/Silver"
,"        Aquazzura suede sandal. 2"" covered heel. Fringed toe strap. Adjustable ankle-wrap ties with tassels. Halter strap for fit. Smooth outsole. ""Wild Thing"" is made in Italy.",http://www.neimanmarcus.com/en-de/Aquazzura-Wild-Thing-Suede-50mm-Sandal-Gray-All-Shoes/prod187820110_cat47190746__/p.prod?icid=&searchType=EndecaDrivenCat&rte=%252Fcategory.jsp%253FitemId%253Dcat47190746%2526pageSize%253D30%2526No%253D0%2526refinements%253D&eItemId=prod187820110&cmCat=product,EUR 734.83,Aquazzura,"http://images.neimanmarcus.com/ca/3/product_assets/X/3/4/F/L/NMX34FL_mu.jpg,http://images.neimanmarcus.com/ca/1/product_assets/X/3/4/F/L/NMX34FL_eu.jpg,http://images.neimanmarcus.com/ca/2/product_assets/X/3/4/F/L/NMX34FL_au.jpg,http://images.neimanmarcus.com/ca/2/product_assets/X/3/4/F/L/NMX34FL_bu.jpg,http://images.neimanmarcus.com/ca/2/product_assets/X/3/4/F/L/NMX34FL_cu.jpg,http://images.neimanmarcus.com/ca/3/product_assets/X/3/4/F/L/NMX34FL_mg.jpg,http://images.neimanmarcus.com/ca/1/product_assets/X/3/4/F/L/NMX34FL_eg.jpg,http://images.neimanmarcus.com/ca/2/product_assets/X/3/4/F/L/NMX34FL_ag.jpg,http://images.neimanmarcus.com/ca/2/product_assets/X/3/4/F/L/NMX34FL_bg.jpg,http://images.neimanmarcus.com/ca/2/product_assets/X/3/4/F/L/NMX34FL_cg.jpg",,"[{'url': 'http://images.neimanmarcus.com/ca/3/product_assets/X/3/4/F/L/NMX34FL_mu.jpg', 'path': 'images/NMX34FL_mu.jpg', 'checksum': '8850a687b1aaf7d46de60404c075064e'}, {'url': 'http://images.neimanmarcus.com/ca/1/product_assets/X/3/4/F/L/NMX34FL_eu.jpg', 'path': 'images/NMX34FL_eu.jpg', 'checksum': '4366ca2804bb75f7eab84fea9ef1d194'}, {'url': 'http://images.neimanmarcus.com/ca/2/product_assets/X/3/4/F/L/NMX34FL_au.jpg', 'path': 'images/NMX34FL_au.jpg', 'checksum': '27b8da8c512ed8440487badc60c4ca97'}, {'url': 'http://images.neimanmarcus.com/ca/2/product_assets/X/3/4/F/L/NMX34FL_bu.jpg', 'path': 'images/NMX34FL_bu.jpg', 'checksum': '92ed7e81aa0e3589f0cbd19204aa2eb5'}, {'url': 'http://images.neimanmarcus.com/ca/2/product_assets/X/3/4/F/L/NMX34FL_cu.jpg', 'path': 'images/NMX34FL_cu.jpg', 'checksum': '0cb566c0ae238ad56191b6798aeaf66c'}]","Wild Thing Suede 50mm Sandal, Gray"
,"        Christian Louboutin low-cut napa leather pump. 4"" covered heel. Pointed toe. d'Orsay silhouette. Adjustable ankle-wrap strap. Lightly padded footbed. Signature red leather sole. ""Uptown"" is made in Italy.",http://www.neimanmarcus.com/en-de/Christian-Louboutin-Uptown-d-Orsay-100mm-Red-Sole-Pump-Nude-All-Shoes/prod188270291_cat47190746__/p.prod?icid=&searchType=EndecaDrivenCat&rte=%252Fcategory.jsp%253FitemId%253Dcat47190746%2526pageSize%253D30%2526No%253D0%2526refinements%253D&eItemId=prod188270291&cmCat=product,EUR 790.99,Christian Louboutin,"http://images.neimanmarcus.com/ca/2/product_assets/X/3/4/Z/D/NMX34ZD_mu.jpg,http://images.neimanmarcus.com/ca/1/product_assets/X/3/4/Z/D/NMX34ZD_au.jpg,http://images.neimanmarcus.com/ca/1/product_assets/X/3/4/Z/D/NMX34ZD_bu.jpg,http://images.neimanmarcus.com/ca/1/product_assets/X/3/4/Z/D/NMX34ZD_cu.jpg,http://images.neimanmarcus.com/ca/2/product_assets/X/3/4/Z/D/NMX34ZD_mg.jpg,http://images.neimanmarcus.com/ca/1/product_assets/X/3/4/Z/D/NMX34ZD_ag.jpg,http://images.neimanmarcus.com/ca/1/product_assets/X/3/4/Z/D/NMX34ZD_bg.jpg,http://images.neimanmarcus.com/ca/1/product_assets/X/3/4/Z/D/NMX34ZD_cg.jpg",,"[{'url': 'http://images.neimanmarcus.com/ca/2/product_assets/X/3/4/Z/D/NMX34ZD_mu.jpg', 'path': 'images/NMX34ZD_mu.jpg', 'checksum': 'a1dc3f8999a3af43ed4bb691f10cb39f'}, {'url': 'http://images.neimanmarcus.com/ca/1/product_assets/X/3/4/Z/D/NMX34ZD_au.jpg', 'path': 'images/NMX34ZD_au.jpg', 'checksum': '620303893ec7207ec94a231a7116f786'}, {'url': 'http://images.neimanmarcus.com/ca/1/product_assets/X/3/4/Z/D/NMX34ZD_bu.jpg', 'path': 'images/NMX34ZD_bu.jpg', 'checksum': '2169ea54f135c11b6b1bd32c7bf1d6b5'}, {'url': 'http://images.neimanmarcus.com/ca/1/product_assets/X/3/4/Z/D/NMX34ZD_cu.jpg', 'path': 'images/NMX34ZD_cu.jpg', 'checksum': '629eb25a2f70a87f66b62dfce65f91eb'}]","Uptown d'Orsay 100mm Red Sole Pump, Nude"
,"adidas leather low-top sneaker. 1"" flat heel. Round toe. Lace-up front. Perforated striped sides. Stamped logo at tongue. Logo-print contrast heel counter. Padded footbed. Rubber outsole. ""Stan Smith"" is imported.",http://www.neimanmarcus.com/en-de/adidas-Stan-Smith-Classic-Sneaker-White-Green-All-Shoes/prod190610004_cat47190746__/p.prod?icid=&searchType=EndecaDrivenCat&rte=%252Fcategory.jsp%253FitemId%253Dcat47190746%2526pageSize%253D30%2526No%253D0%2526refinements%253D&eItemId=prod190610004&cmCat=product,EUR 70.21,adidas,"http://images.neimanmarcus.com/ca/1/product_assets/X/3/9/T/G/NMX39TG_mu.jpg,http://images.neimanmarcus.com/ca/1/product_assets/X/3/9/T/G/NMX39TG_eu.jpg,http://images.neimanmarcus.com/ca/1/product_assets/X/3/9/T/G/NMX39TG_au.jpg,http://images.neimanmarcus.com/ca/1/product_assets/X/3/9/T/G/NMX39TG_bu.jpg,http://images.neimanmarcus.com/ca/1/product_assets/X/3/9/T/G/NMX39TG_cu.jpg,http://images.neimanmarcus.com/ca/1/product_assets/X/3/9/T/G/NMX39TG_mg.jpg,http://images.neimanmarcus.com/ca/1/product_assets/X/3/9/T/G/NMX39TG_eg.jpg,http://images.neimanmarcus.com/ca/1/product_assets/X/3/9/T/G/NMX39TG_ag.jpg,http://images.neimanmarcus.com/ca/1/product_assets/X/3/9/T/G/NMX39TG_bg.jpg,http://images.neimanmarcus.com/ca/1/product_assets/X/3/9/T/G/NMX39TG_cg.jpg",,"[{'url': 'http://images.neimanmarcus.com/ca/1/product_assets/X/3/9/T/G/NMX39TG_mu.jpg', 'path': 'images/NMX39TG_mu.jpg', 'checksum': 'a0d3c7fb83bf49f440b96eeaac9d1642'}, {'url': 'http://images.neimanmarcus.com/ca/1/product_assets/X/3/9/T/G/NMX39TG_eu.jpg', 'path': 'images/NMX39TG_eu.jpg', 'checksum': '568b5957ec8d52a655d719c330dd552a'}, {'url': 'http://images.neimanmarcus.com/ca/1/product_assets/X/3/9/T/G/NMX39TG_au.jpg', 'path': 'images/NMX39TG_au.jpg', 'checksum': '97a7b8745207090a630a53ebb49f26a3'}, {'url': 'http://images.neimanmarcus.com/ca/1/product_assets/X/3/9/T/G/NMX39TG_bu.jpg', 'path': 'images/NMX39TG_bu.jpg', 'checksum': '7c8f3dd466b8962ca862dae9dcf6346f'}, {'url': 'http://images.neimanmarcus.com/ca/1/product_assets/X/3/9/T/G/NMX39TG_cu.jpg', 'path': 'images/NMX39TG_cu.jpg', 'checksum': 'addcbfb8e7084893afc5c76940bb591f'}]","Stan Smith Classic Sneaker, White/Green"
,"Cole Haan leather sandal. 2"" platform heel. Open toe. Grip slingback strap. Cushioned with ZeroGrand technology. Rubber outsole. Imported.",http://www.neimanmarcus.com/en-de/Cole-Haan-ZeroGrand-153-Leather-Slingback-Sandal-Black-All-Shoes/prod186510004_cat47190746__/p.prod?icid=&searchType=EndecaDrivenCat&rte=%252Fcategory.jsp%253FitemId%253Dcat47190746%2526pageSize%253D30%2526No%253D0%2526refinements%253D&eItemId=prod186510004&cmCat=product,EUR 149.77,Cole Haan,"http://images.neimanmarcus.com/ca/2/product_assets/X/3/2/3/E/NMX323E_mu.jpg,http://images.neimanmarcus.com/ca/1/product_assets/X/3/2/3/E/NMX323E_eu.jpg,http://images.neimanmarcus.com/ca/2/product_assets/X/3/2/3/E/NMX323E_au.jpg,http://images.neimanmarcus.com/ca/2/product_assets/X/3/2/3/E/NMX323E_bu.jpg,http://images.neimanmarcus.com/ca/2/product_assets/X/3/2/3/E/NMX323E_mg.jpg,http://images.neimanmarcus.com/ca/1/product_assets/X/3/2/3/E/NMX323E_eg.jpg,http://images.neimanmarcus.com/ca/2/product_assets/X/3/2/3/E/NMX323E_ag.jpg,http://images.neimanmarcus.com/ca/2/product_assets/X/3/2/3/E/NMX323E_bg.jpg",,"[{'url': 'http://images.neimanmarcus.com/ca/2/product_assets/X/3/2/3/E/NMX323E_mu.jpg', 'path': 'images/NMX323E_mu.jpg', 'checksum': 'f5022837c9c4b402b4bd1b5094860b0f'}, {'url': 'http://images.neimanmarcus.com/ca/1/product_assets/X/3/2/3/E/NMX323E_eu.jpg', 'path': 'images/NMX323E_eu.jpg', 'checksum': 'ea925124199be9b6ca7b5394a2553692'}, {'url': 'http://images.neimanmarcus.com/ca/2/product_assets/X/3/2/3/E/NMX323E_au.jpg', 'path': 'images/NMX323E_au.jpg', 'checksum': 'e9107e6c47e731aecfce138738893c88'}, {'url': 'http://images.neimanmarcus.com/ca/2/product_assets/X/3/2/3/E/NMX323E_bu.jpg', 'path': 'images/NMX323E_bu.jpg', 'checksum': 'bed4442104a509cdcf2d82569d8c0f2b'}]","ZeroGrand Leather Slingback Sandal, Black"
,"Rag & Bone Italian calf suede sandal. 2.5"" braided-jute wedge heel; 1"" platform; 1.5"" equiv. Open toe. Crisscross vamp. Adjustable ankle strap. Rubber outsole. ""Sienna"" is made in Spain.",http://www.neimanmarcus.com/en-de/Rag-Bone-Sienna-Crisscross-Espadrille-Wedge-Sandal-Gray-All-Shoes/prod191500219_cat47190746__/p.prod?icid=&searchType=EndecaDrivenCat&rte=%252Fcategory.jsp%253FitemId%253Dcat47190746%2526pageSize%253D30%2526No%253D0%2526refinements%253D&eItemId=prod191500219&cmCat=product,EUR 369.75,Rag & Bone,"http://images.neimanmarcus.com/ca/2/product_assets/X/3/B/B/Z/NMX3BBZ_mu.jpg,http://images.neimanmarcus.com/ca/2/product_assets/X/3/B/B/Z/NMX3BBZ_au.jpg,http://images.neimanmarcus.com/ca/2/product_assets/X/3/B/B/Z/NMX3BBZ_bu.jpg,http://images.neimanmarcus.com/ca/1/product_assets/X/3/B/B/Z/NMX3BBZ_cu.jpg,http://images.neimanmarcus.com/ca/2/product_assets/X/3/B/B/Z/NMX3BBZ_mg.jpg,http://images.neimanmarcus.com/ca/2/product_assets/X/3/B/B/Z/NMX3BBZ_ag.jpg,http://images.neimanmarcus.com/ca/2/product_assets/X/3/B/B/Z/NMX3BBZ_bg.jpg,http://images.neimanmarcus.com/ca/1/product_assets/X/3/B/B/Z/NMX3BBZ_cg.jpg",,"[{'url': 'http://images.neimanmarcus.com/ca/2/product_assets/X/3/B/B/Z/NMX3BBZ_mu.jpg', 'path': 'images/NMX3BBZ_mu.jpg', 'checksum': '330ad5759ce1ffcb92154d1a1568db99'}, {'url': 'http://images.neimanmarcus.com/ca/2/product_assets/X/3/B/B/Z/NMX3BBZ_au.jpg', 'path': 'images/NMX3BBZ_au.jpg', 'checksum': '0fd2dd9b1da94fd53605f56a86fb6877'}, {'url': 'http://images.neimanmarcus.com/ca/2/product_assets/X/3/B/B/Z/NMX3BBZ_bu.jpg', 'path': 'images/NMX3BBZ_bu.jpg', 'checksum': 'fd6876e480d0d3dd4c693f31bbde32e8'}, {'url': 'http://images.neimanmarcus.com/ca/1/product_assets/X/3/B/B/Z/NMX3BBZ_cu.jpg', 'path': 'images/NMX3BBZ_cu.jpg', 'checksum': '8c4ece83657beffb239dede7076b7980'}]","Sienna Crisscross Espadrille Wedge Sandal, Gray"
,"Christian Louboutin kid leather sandal with studded sides. 3.3"" covered heel. Strap bands open toe. Adjustable halter strap. Calf leather lining. Signature red leather outsole. ""Sova"" is made in Italy.",http://www.neimanmarcus.com/en-de/Christian-Louboutin-Sova-Leather-85mm-Red-Sole-Sandal-White-All-Shoes/prod188570078_cat47190746__/p.prod?icid=&searchType=EndecaDrivenCat&rte=%252Fcategory.jsp%253FitemId%253Dcat47190746%2526pageSize%253D30%2526No%253D0%2526refinements%253D&eItemId=prod188570078&cmCat=product,EUR 795.67,Christian Louboutin,"http://images.neimanmarcus.com/ca/2/product_assets/X/3/5/P/G/NMX35PG_mu.jpg,http://images.neimanmarcus.com/ca/1/product_assets/X/3/5/P/G/NMX35PG_au.jpg,http://images.neimanmarcus.com/ca/1/product_assets/X/3/5/P/G/NMX35PG_bu.jpg,http://images.neimanmarcus.com/ca/2/product_assets/X/3/5/P/G/NMX35PG_mg.jpg,http://images.neimanmarcus.com/ca/1/product_assets/X/3/5/P/G/NMX35PG_ag.jpg,http://images.neimanmarcus.com/ca/1/product_assets/X/3/5/P/G/NMX35PG_bg.jpg",,"[{'url': 'http://images.neimanmarcus.com/ca/2/product_assets/X/3/5/P/G/NMX35PG_mu.jpg', 'path': 'images/NMX35PG_mu.jpg', 'checksum': 'be2ee83b145cf964130bf56d9b0c0587'}, {'url': 'http://images.neimanmarcus.com/ca/1/product_assets/X/3/5/P/G/NMX35PG_au.jpg', 'path': 'images/NMX35PG_au.jpg', 'checksum': 'd5fa388e2a4c0075048a50ac88b6f158'}, {'url': 'http://images.neimanmarcus.com/ca/1/product_assets/X/3/5/P/G/NMX35PG_bu.jpg', 'path': 'images/NMX35PG_bu.jpg', 'checksum': '2459389abb922c027458cc239cb1c3b4'}]","Sova Leather 85mm Red Sole Sandal, White"
,"Valentino calf leather city sandal with signature Rockstud trim. 3.5"" covered block heel. Open toe. Strappy caged upper. Buckled vamp and ankle straps. Slingback strap. Smooth outsole. Made in Italy.",http://www.neimanmarcus.com/en-de/Valentino-Rockstud-Leather-90mm-City-Sandal-Light-Stone-All-Shoes/prod187820266_cat47190746__/p.prod?icid=&searchType=EndecaDrivenCat&rte=%252Fcategory.jsp%253FitemId%253Dcat47190746%2526pageSize%253D30%2526No%253D0%2526refinements%253D&eItemId=prod187820266&cmCat=product,EUR 978.21,Valentino,"http://images.neimanmarcus.com/ca/3/product_assets/X/3/4/F/W/NMX34FW_mu.jpg,http://images.neimanmarcus.com/ca/2/product_assets/X/3/4/F/W/NMX34FW_au.jpg,http://images.neimanmarcus.com/ca/2/product_assets/X/3/4/F/W/NMX34FW_bu.jpg,http://images.neimanmarcus.com/ca/3/product_assets/X/3/4/F/W/NMX34FW_mg.jpg,http://images.neimanmarcus.com/ca/2/product_assets/X/3/4/F/W/NMX34FW_ag.jpg,http://images.neimanmarcus.com/ca/2/product_assets/X/3/4/F/W/NMX34FW_bg.jpg",,"[{'url': 'http://images.neimanmarcus.com/ca/3/product_assets/X/3/4/F/W/NMX34FW_mu.jpg', 'path': 'images/NMX34FW_mu.jpg', 'checksum': '7dab095b9271583b19628df18ba476ce'}, {'url': 'http://images.neimanmarcus.com/ca/2/product_assets/X/3/4/F/W/NMX34FW_au.jpg', 'path': 'images/NMX34FW_au.jpg', 'checksum': '2043334190e77c935d3f112d49b20acb'}, {'url': 'http://images.neimanmarcus.com/ca/2/product_assets/X/3/4/F/W/NMX34FW_bu.jpg', 'path': 'images/NMX34FW_bu.jpg', 'checksum': 'b330fed92b943b3e617af705759fa5e3'}]","Rockstud Leather 90mm City Sandal, Light Stone"
,"adidas snake-cut leather sneaker. 1"" flat heel. Round toe. Lace-up front. Stamped logo at tongue. Logo-print contrast heel counter. Padded footbed. Rubber outsole. ""Stan Smith"" is imported.",http://www.neimanmarcus.com/en-de/adidas-Stan-Smith-Snake-Cut-Leather-Sneaker-Crystal-White-Green-All-Shoes/prod190600047_cat47190746__/p.prod?icid=&searchType=EndecaDrivenCat&rte=%252Fcategory.jsp%253FitemId%253Dcat47190746%2526pageSize%253D30%2526No%253D0%2526refinements%253D&eItemId=prod190600047&cmCat=product,EUR 107.65,adidas,"http://images.neimanmarcus.com/ca/1/product_assets/X/3/9/T/H/NMX39TH_mu.jpg,http://images.neimanmarcus.com/ca/1/product_assets/X/3/9/T/H/NMX39TH_eu.jpg,http://images.neimanmarcus.com/ca/1/product_assets/X/3/9/T/H/NMX39TH_au.jpg,http://images.neimanmarcus.com/ca/1/product_assets/X/3/9/T/H/NMX39TH_bu.jpg,http://images.neimanmarcus.com/ca/1/product_assets/X/3/9/T/H/NMX39TH_cu.jpg,http://images.neimanmarcus.com/ca/1/product_assets/X/3/9/T/H/NMX39TH_mg.jpg,http://images.neimanmarcus.com/ca/1/product_assets/X/3/9/T/H/NMX39TH_eg.jpg,http://images.neimanmarcus.com/ca/1/product_assets/X/3/9/T/H/NMX39TH_ag.jpg,http://images.neimanmarcus.com/ca/1/product_assets/X/3/9/T/H/NMX39TH_bg.jpg,http://images.neimanmarcus.com/ca/1/product_assets/X/3/9/T/H/NMX39TH_cg.jpg",,"[{'url': 'http://images.neimanmarcus.com/ca/1/product_assets/X/3/9/T/H/NMX39TH_mu.jpg', 'path': 'images/NMX39TH_mu.jpg', 'checksum': '7e3a0a9eb33930fd1b092b87b9de5ef1'}, {'url': 'http://images.neimanmarcus.com/ca/1/product_assets/X/3/9/T/H/NMX39TH_eu.jpg', 'path': 'images/NMX39TH_eu.jpg', 'checksum': '568b5957ec8d52a655d719c330dd552a'}, {'url': 'http://images.neimanmarcus.com/ca/1/product_assets/X/3/9/T/H/NMX39TH_au.jpg', 'path': 'images/NMX39TH_au.jpg', 'checksum': 'a2df52312d8b6df3676af9d705e22019'}, {'url': 'http://images.neimanmarcus.com/ca/1/product_assets/X/3/9/T/H/NMX39TH_bu.jpg', 'path': 'images/NMX39TH_bu.jpg', 'checksum': '950b234f41b46fbbd78cd0c6e5d7bc1f'}, {'url': 'http://images.neimanmarcus.com/ca/1/product_assets/X/3/9/T/H/NMX39TH_cu.jpg', 'path': 'images/NMX39TH_cu.jpg', 'checksum': '6d4ec15ea360b6d8eb1a4ba63cd64306'}]","Stan Smith Snake-Cut Leather Sneaker, Crystal White/Green"
,"Stuart Weitzman patent leather pump. 1.8"" covered block heel. Pointed toe. Slip-on style. Padded footbed. Leather outsole. ""Largo"" is made in Spain.",http://www.neimanmarcus.com/en-de/Stuart-Weitzman-Largo-Patent-Low-Heel-Pump-Black-All-Shoes/prod185880041_cat47190746__/p.prod?icid=&searchType=EndecaDrivenCat&rte=%252Fcategory.jsp%253FitemId%253Dcat47190746%2526pageSize%253D30%2526No%253D0%2526refinements%253D&eItemId=prod185880041&cmCat=product,EUR 341.67,Stuart Weitzman,"http://images.neimanmarcus.com/ca/2/product_assets/X/3/1/C/M/NMX31CM_mu.jpg,http://images.neimanmarcus.com/ca/1/product_assets/X/3/1/C/M/NMX31CM_eu.jpg,http://images.neimanmarcus.com/ca/2/product_assets/X/3/1/C/M/NMX31CM_au.jpg,http://images.neimanmarcus.com/ca/2/product_assets/X/3/1/C/M/NMX31CM_bu.jpg,http://images.neimanmarcus.com/ca/2/product_assets/X/3/1/C/M/NMX31CM_mg.jpg,http://images.neimanmarcus.com/ca/1/product_assets/X/3/1/C/M/NMX31CM_eg.jpg,http://images.neimanmarcus.com/ca/2/product_assets/X/3/1/C/M/NMX31CM_ag.jpg,http://images.neimanmarcus.com/ca/2/product_assets/X/3/1/C/M/NMX31CM_bg.jpg",,"[{'url': 'http://images.neimanmarcus.com/ca/2/product_assets/X/3/1/C/M/NMX31CM_mu.jpg', 'path': 'images/NMX31CM_mu.jpg', 'checksum': '5a5d83ff908410c318a9330fb56aa1c8'}, {'url': 'http://images.neimanmarcus.com/ca/1/product_assets/X/3/1/C/M/NMX31CM_eu.jpg', 'path': 'images/NMX31CM_eu.jpg', 'checksum': 'cfd83f528440afc04f23d664dd85a719'}, {'url': 'http://images.neimanmarcus.com/ca/2/product_assets/X/3/1/C/M/NMX31CM_au.jpg', 'path': 'images/NMX31CM_au.jpg', 'checksum': 'ccd8bc6707817a41e8327e3b299ba9e7'}, {'url': 'http://images.neimanmarcus.com/ca/2/product_assets/X/3/1/C/M/NMX31CM_bu.jpg', 'path': 'images/NMX31CM_bu.jpg', 'checksum': '0e9ba7f4f0ef135e943feca87c1e6ca6'}]","Largo Patent Low-Heel Pump, Black"
,"Christian Louboutin suede bootie. 2.8"" covered block heel. Square toe. Notched topline. Side zip eases dress. Signature red leather sole. ""Tiagadaboot"" is made in Italy.",http://www.neimanmarcus.com/en-de/Christian-Louboutin-Tiagadaboot-Suede-70mm-Red-Sole-Bootie-Black-All-Shoes/prod188350073_cat47190746__/p.prod?icid=&searchType=EndecaDrivenCat&rte=%252Fcategory.jsp%253FitemId%253Dcat47190746%2526pageSize%253D30%2526No%253D0%2526refinements%253D&eItemId=prod188350073&cmCat=product,EUR 884.60,Christian Louboutin,"http://images.neimanmarcus.com/ca/3/product_assets/X/3/4/Z/Y/NMX34ZY_mu.jpg,http://images.neimanmarcus.com/ca/2/product_assets/X/3/4/Z/Y/NMX34ZY_au.jpg,http://images.neimanmarcus.com/ca/2/product_assets/X/3/4/Z/Y/NMX34ZY_bu.jpg,http://images.neimanmarcus.com/ca/3/product_assets/X/3/4/Z/Y/NMX34ZY_mg.jpg,http://images.neimanmarcus.com/ca/2/product_assets/X/3/4/Z/Y/NMX34ZY_ag.jpg,http://images.neimanmarcus.com/ca/2/product_assets/X/3/4/Z/Y/NMX34ZY_bg.jpg",,"[{'url': 'http://images.neimanmarcus.com/ca/3/product_assets/X/3/4/Z/Y/NMX34ZY_mu.jpg', 'path': 'images/NMX34ZY_mu.jpg', 'checksum': '513fdd1cce86060d75ea3fbd62f30a33'}, {'url': 'http://images.neimanmarcus.com/ca/2/product_assets/X/3/4/Z/Y/NMX34ZY_au.jpg', 'path': 'images/NMX34ZY_au.jpg', 'checksum': '28331b7b5fe7b0ece26a41ed5b2234c7'}, {'url': 'http://images.neimanmarcus.com/ca/2/product_assets/X/3/4/Z/Y/NMX34ZY_bu.jpg', 'path': 'images/NMX34ZY_bu.jpg', 'checksum': 'b65eb3f96ce6ee5589c26d96dc1b4947'}]","Tiagadaboot Suede 70mm Red Sole Bootie, Black"
,"Manolo Blahnik leather pump. 1.3"" stacked heel. Almond toe. Slingback strap with stretch inset. Smooth outsole. Slip-on style. ""Aspro Sambra"" is made in Italy.",http://www.neimanmarcus.com/en-de/Manolo-Blahnik-Aspro-Sambra-Leather-Slingback-Pump-Red-All-Shoes/prod189630101_cat47190746__/p.prod?icid=&searchType=EndecaDrivenCat&rte=%252Fcategory.jsp%253FitemId%253Dcat47190746%2526pageSize%253D30%2526No%253D0%2526refinements%253D&eItemId=prod189630101&cmCat=product,EUR 631.86,Manolo Blahnik,"http://images.neimanmarcus.com/ca/5/product_assets/X/3/7/X/5/NMX37X5_mu.jpg,http://images.neimanmarcus.com/ca/2/product_assets/X/3/7/X/5/NMX37X5_eu.jpg,http://images.neimanmarcus.com/ca/4/product_assets/X/3/7/X/5/NMX37X5_au.jpg,http://images.neimanmarcus.com/ca/4/product_assets/X/3/7/X/5/NMX37X5_bu.jpg,http://images.neimanmarcus.com/ca/4/product_assets/X/3/7/X/5/NMX37X5_cu.jpg,http://images.neimanmarcus.com/ca/5/product_assets/X/3/7/X/5/NMX37X5_mg.jpg,http://images.neimanmarcus.com/ca/2/product_assets/X/3/7/X/5/NMX37X5_eg.jpg,http://images.neimanmarcus.com/ca/4/product_assets/X/3/7/X/5/NMX37X5_ag.jpg,http://images.neimanmarcus.com/ca/4/product_assets/X/3/7/X/5/NMX37X5_bg.jpg,http://images.neimanmarcus.com/ca/4/product_assets/X/3/7/X/5/NMX37X5_cg.jpg",,"[{'url': 'http://images.neimanmarcus.com/ca/5/product_assets/X/3/7/X/5/NMX37X5_mu.jpg', 'path': 'images/NMX37X5_mu.jpg', 'checksum': 'ab0a6414cd1ab9fa25b3ee1368bef8d8'}, {'url': 'http://images.neimanmarcus.com/ca/2/product_assets/X/3/7/X/5/NMX37X5_eu.jpg', 'path': 'images/NMX37X5_eu.jpg', 'checksum': 'b4d1ca9984c4e772106294aa29a70979'}, {'url': 'http://images.neimanmarcus.com/ca/4/product_assets/X/3/7/X/5/NMX37X5_au.jpg', 'path': 'images/NMX37X5_au.jpg', 'checksum': 'e2dc478d1e7da96b58235efb64367e31'}, {'url': 'http://images.neimanmarcus.com/ca/4/product_assets/X/3/7/X/5/NMX37X5_bu.jpg', 'path': 'images/NMX37X5_bu.jpg', 'checksum': '9ca79743fe5f7ef87aec98afb7f6c435'}, {'url': 'http://images.neimanmarcus.com/ca/4/product_assets/X/3/7/X/5/NMX37X5_cu.jpg', 'path': 'images/NMX37X5_cu.jpg', 'checksum': '13f2a05ffa2219bc236c1660a9d8f713'}]","Aspro Sambra Leather Slingback Pump, Red"
,"Valentino leather sandal with signature Rockstud trim. 4"" covered heel. Open toe. Caged T-strap vamp. Ankle strap connects to halter strap. Calf leather lining. Smooth outsole. Made in Italy.",http://www.neimanmarcus.com/en-de/Valentino-Rockstud-Colorblock-Caged-100mm-Sandal-Poudre-All-Shoes/prod190940665_cat47190746__/p.prod?icid=&searchType=EndecaDrivenCat&rte=%252Fcategory.jsp%253FitemId%253Dcat47190746%2526pageSize%253D30%2526No%253D0%2526refinements%253D&eItemId=prod190940665&cmCat=product,"EUR 1,025.02",Valentino,"http://images.neimanmarcus.com/ca/2/product_assets/X/3/A/N/D/NMX3AND_mu.jpg,http://images.neimanmarcus.com/ca/1/product_assets/X/3/A/N/D/NMX3AND_au.jpg,http://images.neimanmarcus.com/ca/1/product_assets/X/3/A/N/D/NMX3AND_bu.jpg,http://images.neimanmarcus.com/ca/1/product_assets/X/3/A/N/D/NMX3AND_cu.jpg,http://images.neimanmarcus.com/ca/2/product_assets/X/3/A/N/D/NMX3AND_mg.jpg,http://images.neimanmarcus.com/ca/1/product_assets/X/3/A/N/D/NMX3AND_ag.jpg,http://images.neimanmarcus.com/ca/1/product_assets/X/3/A/N/D/NMX3AND_bg.jpg,http://images.neimanmarcus.com/ca/1/product_assets/X/3/A/N/D/NMX3AND_cg.jpg",,"[{'url': 'http://images.neimanmarcus.com/ca/2/product_assets/X/3/A/N/D/NMX3AND_mu.jpg', 'path': 'images/NMX3AND_mu.jpg', 'checksum': '4cae7efbd68ce7c31d4f17fc61829718'}, {'url': 'http://images.neimanmarcus.com/ca/1/product_assets/X/3/A/N/D/NMX3AND_au.jpg', 'path': 'images/NMX3AND_au.jpg', 'checksum': '1dfaa267911bb18c0716b86e84815fab'}, {'url': 'http://images.neimanmarcus.com/ca/1/product_assets/X/3/A/N/D/NMX3AND_bu.jpg', 'path': 'images/NMX3AND_bu.jpg', 'checksum': 'a496da8954a4ea70073360d1a22f8b95'}, {'url': 'http://images.neimanmarcus.com/ca/1/product_assets/X/3/A/N/D/NMX3AND_cu.jpg', 'path': 'images/NMX3AND_cu.jpg', 'checksum': '33b3c94e9edeef504580d995a684da3f'}]","Rockstud Colorblock Caged 100mm Sandal, Poudre"
,"Christian Louboutin suede pump. 4"" covered heel. Pointed toe. Half-d'Orsay silhouette. Calf leather lining. Signature red leather sole. ""Iriza"" is imported.",http://www.neimanmarcus.com/en-de/Christian-Louboutin-Iriza-Half-d-Orsay-100mm-Red-Sole-Pump-Pink-All-Shoes/prod191000309_cat47190746__/p.prod?icid=&searchType=EndecaDrivenCat&rte=%252Fcategory.jsp%253FitemId%253Dcat47190746%2526pageSize%253D30%2526No%253D0%2526refinements%253D&eItemId=prod191000309&cmCat=product,EUR 631.86,Christian Louboutin,"http://images.neimanmarcus.com/ca/3/product_assets/X/3/A/K/0/NMX3AK0_mu.jpg,http://images.neimanmarcus.com/ca/2/product_assets/X/3/A/K/0/NMX3AK0_au.jpg,http://images.neimanmarcus.com/ca/2/product_assets/X/3/A/K/0/NMX3AK0_bu.jpg,http://images.neimanmarcus.com/ca/3/product_assets/X/3/A/K/0/NMX3AK0_mg.jpg,http://images.neimanmarcus.com/ca/2/product_assets/X/3/A/K/0/NMX3AK0_ag.jpg,http://images.neimanmarcus.com/ca/2/product_assets/X/3/A/K/0/NMX3AK0_bg.jpg",,"[{'url': 'http://images.neimanmarcus.com/ca/3/product_assets/X/3/A/K/0/NMX3AK0_mu.jpg', 'path': 'images/NMX3AK0_mu.jpg', 'checksum': 'c5e7a1044efefd867ffc3251621f32ce'}, {'url': 'http://images.neimanmarcus.com/ca/2/product_assets/X/3/A/K/0/NMX3AK0_au.jpg', 'path': 'images/NMX3AK0_au.jpg', 'checksum': '544352c630a3fad7844e3065871cd044'}, {'url': 'http://images.neimanmarcus.com/ca/2/product_assets/X/3/A/K/0/NMX3AK0_bu.jpg', 'path': 'images/NMX3AK0_bu.jpg', 'checksum': '514d2eca6f44e96d65932d73bc06edad'}]","Iriza Half-d'Orsay 100mm Red Sole Pump, Pink"
EUR 131.05 ,"Cole Haan leather sandal. .5"" flat heel. Thong strap. Golden logo charm. Adjustable slingback strap. Padded footbed. Rubber outsole. ""Violette II"" is imported.",http://www.neimanmarcus.com/en-de/Cole-Haan-Violette-II-Leather-T-Strap-Sandal-Black-All-Shoes/prod187820017_cat47190746__/p.prod?icid=&searchType=EndecaDrivenCat&rte=%252Fcategory.jsp%253FitemId%253Dcat47190746%2526pageSize%253D30%2526No%253D0%2526refinements%253D&eItemId=prod187820017&cmCat=product,,Cole Haan,"http://images.neimanmarcus.com/ca/1/product_assets/X/3/4/F/A/NMX34FA_mu.jpg,http://images.neimanmarcus.com/ca/1/product_assets/X/3/4/F/A/NMX34FA_au.jpg,http://images.neimanmarcus.com/ca/1/product_assets/X/3/4/F/A/NMX34FA_bu.jpg,http://images.neimanmarcus.com/ca/1/product_assets/X/3/4/F/A/NMX34FA_mg.jpg,http://images.neimanmarcus.com/ca/1/product_assets/X/3/4/F/A/NMX34FA_ag.jpg,http://images.neimanmarcus.com/ca/1/product_assets/X/3/4/F/A/NMX34FA_bg.jpg",,"[{'url': 'http://images.neimanmarcus.com/ca/1/product_assets/X/3/4/F/A/NMX34FA_mu.jpg', 'path': 'images/NMX34FA_mu.jpg', 'checksum': 'da4ab1a2dea04a63e22c984e69db225d'}, {'url': 'http://images.neimanmarcus.com/ca/1/product_assets/X/3/4/F/A/NMX34FA_au.jpg', 'path': 'images/NMX34FA_au.jpg', 'checksum': '5e46736f5553b0faf04743fd4f415076'}, {'url': 'http://images.neimanmarcus.com/ca/1/product_assets/X/3/4/F/A/NMX34FA_bu.jpg', 'path': 'images/NMX34FA_bu.jpg', 'checksum': 'da0d920b3e5f402cf43a3444ad5d6ea0'}]","Violette II Leather T-Strap Sandal, Black"
,"kate spade new york metallic tumbled leather sandal. 0.5"" stacked flat heel. Thong strap. Strap across instep with tassels. Adjustable slingback strap. ""clorinda"" is imported.",http://www.neimanmarcus.com/en-de/kate-spade-new-york-clorinda-leather-flat-tassel-sandal-rose-gold-All-Shoes/prod189780028_cat47190746__/p.prod?icid=&searchType=EndecaDrivenCat&rte=%252Fcategory.jsp%253FitemId%253Dcat47190746%2526pageSize%253D30%2526No%253D0%2526refinements%253D&eItemId=prod189780028&cmCat=product,EUR 129.18,kate spade new york,"http://images.neimanmarcus.com/ca/1/product_assets/X/3/8/6/K/NMX386K_mu.jpg,http://images.neimanmarcus.com/ca/1/product_assets/X/3/8/6/K/NMX386K_au.jpg,http://images.neimanmarcus.com/ca/1/product_assets/X/3/8/6/K/NMX386K_bu.jpg,http://images.neimanmarcus.com/ca/1/product_assets/X/3/8/6/K/NMX386K_cu.jpg,http://images.neimanmarcus.com/ca/1/product_assets/X/3/8/6/K/NMX386K_mg.jpg,http://images.neimanmarcus.com/ca/1/product_assets/X/3/8/6/K/NMX386K_ag.jpg,http://images.neimanmarcus.com/ca/1/product_assets/X/3/8/6/K/NMX386K_bg.jpg,http://images.neimanmarcus.com/ca/1/product_assets/X/3/8/6/K/NMX386K_cg.jpg",,"[{'url': 'http://images.neimanmarcus.com/ca/1/product_assets/X/3/8/6/K/NMX386K_mu.jpg', 'path': 'images/NMX386K_mu.jpg', 'checksum': '9ea30557d62f0325a1bc5f236eeb12df'}, {'url': 'http://images.neimanmarcus.com/ca/1/product_assets/X/3/8/6/K/NMX386K_au.jpg', 'path': 'images/NMX386K_au.jpg', 'checksum': '2f1c8616f72e43fd935faca5e013175b'}, {'url': 'http://images.neimanmarcus.com/ca/1/product_assets/X/3/8/6/K/NMX386K_bu.jpg', 'path': 'images/NMX386K_bu.jpg', 'checksum': '63a9d8da91f93ac4578476eff3b6c7f9'}, {'url': 'http://images.neimanmarcus.com/ca/1/product_assets/X/3/8/6/K/NMX386K_cu.jpg', 'path': 'images/NMX386K_cu.jpg', 'checksum': '7d48ab7e8d004c694408369e4a6dcbe0'}]","clorinda leather flat tassel sandal, rose gold"
EUR 739.51 ,"Prada vitello leather sandal. 5.5"" jute-covered wedge heel; 1.5"" platform; 4"" equiv. Crisscross straps over open toe. Adjustable ankle-wrap strap. Padded footbed. Rubber sole. Made in Italy.",http://www.neimanmarcus.com/en-de/Prada-Leather-Ankle-Wrap-Wedge-Sandal-Naturale-All-Shoes/prod185770160_cat47190746__/p.prod?icid=&searchType=EndecaDrivenCat&rte=%252Fcategory.jsp%253FitemId%253Dcat47190746%2526pageSize%253D30%2526No%253D0%2526refinements%253D&eItemId=prod185770160&cmCat=product,,Prada,"http://images.neimanmarcus.com/ca/2/product_assets/X/2/Y/B/E/NMX2YBE_mu.jpg,http://images.neimanmarcus.com/ca/1/product_assets/X/2/Y/B/E/NMX2YBE_au.jpg,http://images.neimanmarcus.com/ca/1/product_assets/X/2/Y/B/E/NMX2YBE_bu.jpg,http://images.neimanmarcus.com/ca/1/product_assets/X/2/Y/B/E/NMX2YBE_cu.jpg,http://images.neimanmarcus.com/ca/2/product_assets/X/2/Y/B/E/NMX2YBE_mg.jpg,http://images.neimanmarcus.com/ca/1/product_assets/X/2/Y/B/E/NMX2YBE_ag.jpg,http://images.neimanmarcus.com/ca/1/product_assets/X/2/Y/B/E/NMX2YBE_bg.jpg,http://images.neimanmarcus.com/ca/1/product_assets/X/2/Y/B/E/NMX2YBE_cg.jpg",EUR 591.61,"[{'url': 'http://images.neimanmarcus.com/ca/2/product_assets/X/2/Y/B/E/NMX2YBE_mu.jpg', 'path': 'images/NMX2YBE_mu.jpg', 'checksum': '8de826e82ae9c74919720c9c6606e078'}, {'url': 'http://images.neimanmarcus.com/ca/1/product_assets/X/2/Y/B/E/NMX2YBE_au.jpg', 'path': 'images/NMX2YBE_au.jpg', 'checksum': '2dd89161e1ae88644609a95172f65e39'}, {'url': 'http://images.neimanmarcus.com/ca/1/product_assets/X/2/Y/B/E/NMX2YBE_bu.jpg', 'path': 'images/NMX2YBE_bu.jpg', 'checksum': '15b1bd826d23a86db47de43818764024'}, {'url': 'http://images.neimanmarcus.com/ca/1/product_assets/X/2/Y/B/E/NMX2YBE_cu.jpg', 'path': 'images/NMX2YBE_cu.jpg', 'checksum': '3e692300e4d6c61f6bc383fdfe55a5c9'}]","Leather Ankle-Wrap Wedge Sandal, Naturale"
,"Christian Louboutin patent leather pump. 2.8"" covered heel. Pointed toe. Low-cut vamp. Leather lining and padded footbed. Signature red leather sole. ""Decollete"" is made in Italy.",http://www.neimanmarcus.com/en-de/Christian-Louboutin-Decollete-Patent-70mm-Red-Sole-Pump-Night-All-Shoes/prod188020399_cat47190746__/p.prod?icid=&searchType=EndecaDrivenCat&rte=%252Fcategory.jsp%253FitemId%253Dcat47190746%2526pageSize%253D30%2526No%253D0%2526refinements%253D&eItemId=prod188020399&cmCat=product,EUR 631.86,Christian Louboutin,"http://images.neimanmarcus.com/ca/2/product_assets/X/3/4/S/2/NMX34S2_mu.jpg,http://images.neimanmarcus.com/ca/1/product_assets/X/3/4/S/2/NMX34S2_au.jpg,http://images.neimanmarcus.com/ca/1/product_assets/X/3/4/S/2/NMX34S2_bu.jpg,http://images.neimanmarcus.com/ca/2/product_assets/X/3/4/S/2/NMX34S2_mg.jpg,http://images.neimanmarcus.com/ca/1/product_assets/X/3/4/S/2/NMX34S2_ag.jpg,http://images.neimanmarcus.com/ca/1/product_assets/X/3/4/S/2/NMX34S2_bg.jpg",,"[{'url': 'http://images.neimanmarcus.com/ca/2/product_assets/X/3/4/S/2/NMX34S2_mu.jpg', 'path': 'images/NMX34S2_mu.jpg', 'checksum': 'a259099e0d5e35b50ebb21cc9566661a'}, {'url': 'http://images.neimanmarcus.com/ca/1/product_assets/X/3/4/S/2/NMX34S2_au.jpg', 'path': 'images/NMX34S2_au.jpg', 'checksum': '3780ff087d38d5ac934d6388cd85aec7'}, {'url': 'http://images.neimanmarcus.com/ca/1/product_assets/X/3/4/S/2/NMX34S2_bu.jpg', 'path': 'images/NMX34S2_bu.jpg', 'checksum': 'c803718004dca5017cdfac58a8e6f18b'}]","Decollete Patent 70mm Red Sole Pump, Night"
,"Tory Burch soft napa leather ballerina flat. Folds in half for ease of travel. 0.5"" flat heel. Round toe. Golden metal logo medallion. Zigzag stitching around collar. Slip-on style. Leather and suede lining. Leather and rubber outsole. ""Minnie"" is imported.",http://www.neimanmarcus.com/en-de/Tory-Burch-Minnie-Travel-Logo-Ballerina-Flat-Black-Gold-All-Shoes/prod191160116_cat47190746__/p.prod?icid=&searchType=EndecaDrivenCat&rte=%252Fcategory.jsp%253FitemId%253Dcat47190746%2526pageSize%253D30%2526No%253D0%2526refinements%253D&eItemId=prod191160116&cmCat=product,EUR 210.62,Tory Burch,"http://images.neimanmarcus.com/ca/1/product_assets/X/3/A/J/S/NMX3AJS_mu.jpg,http://images.neimanmarcus.com/ca/1/product_assets/X/3/A/J/S/NMX3AJS_au.jpg,http://images.neimanmarcus.com/ca/1/product_assets/X/3/A/J/S/NMX3AJS_bu.jpg,http://images.neimanmarcus.com/ca/1/product_assets/X/3/A/J/S/NMX3AJS_cu.jpg,http://images.neimanmarcus.com/ca/1/product_assets/X/3/A/J/S/NMX3AJS_mg.jpg,http://images.neimanmarcus.com/ca/1/product_assets/X/3/A/J/S/NMX3AJS_ag.jpg,http://images.neimanmarcus.com/ca/1/product_assets/X/3/A/J/S/NMX3AJS_bg.jpg,http://images.neimanmarcus.com/ca/1/product_assets/X/3/A/J/S/NMX3AJS_cg.jpg",,"[{'url': 'http://images.neimanmarcus.com/ca/1/product_assets/X/3/A/J/S/NMX3AJS_mu.jpg', 'path': 'images/NMX3AJS_mu.jpg', 'checksum': 'b65fad5e8b5355880dbe9bcc3f33b5e7'}, {'url': 'http://images.neimanmarcus.com/ca/1/product_assets/X/3/A/J/S/NMX3AJS_au.jpg', 'path': 'images/NMX3AJS_au.jpg', 'checksum': '67f671f52dc4a689575af06addbb57dc'}, {'url': 'http://images.neimanmarcus.com/ca/1/product_assets/X/3/A/J/S/NMX3AJS_bu.jpg', 'path': 'images/NMX3AJS_bu.jpg', 'checksum': '3663e69118280fd863a60ef8044ead97'}, {'url': 'http://images.neimanmarcus.com/ca/1/product_assets/X/3/A/J/S/NMX3AJS_cu.jpg', 'path': 'images/NMX3AJS_cu.jpg', 'checksum': '01cad82138a8ccaba86ef637863200b0'}]","Minnie Travel Logo Ballerina Flat, Black/Gold"
EUR 187.22 ,"Donald J Pliner snake-embossed leather slide sandal. 2"" kitten heel. Asymmetric thong strap. Slip-on style. Smooth sole. ""Ruge"" is imported.",http://www.neimanmarcus.com/en-de/Donald-J-Pliner-Ruge-Asymmetric-Snake-Embossed-Thong-Sandal-Black-All-Shoes/prod188171094_cat47190746__/p.prod?icid=&searchType=EndecaDrivenCat&rte=%252Fcategory.jsp%253FitemId%253Dcat47190746%2526pageSize%253D30%2526No%253D0%2526refinements%253D&eItemId=prod188171094&cmCat=product,,Donald J Pliner,"http://images.neimanmarcus.com/ca/1/product_assets/X/3/4/W/H/NMX34WH_mu.jpg,http://images.neimanmarcus.com/ca/1/product_assets/X/3/4/W/H/NMX34WH_au.jpg,http://images.neimanmarcus.com/ca/1/product_assets/X/3/4/W/H/NMX34WH_bu.jpg,http://images.neimanmarcus.com/ca/1/product_assets/X/3/4/W/H/NMX34WH_mg.jpg,http://images.neimanmarcus.com/ca/1/product_assets/X/3/4/W/H/NMX34WH_ag.jpg,http://images.neimanmarcus.com/ca/1/product_assets/X/3/4/W/H/NMX34WH_bg.jpg",,"[{'url': 'http://images.neimanmarcus.com/ca/1/product_assets/X/3/4/W/H/NMX34WH_mu.jpg', 'path': 'images/NMX34WH_mu.jpg', 'checksum': '02c76d2358557d7bceedb5b86fad4d0f'}, {'url': 'http://images.neimanmarcus.com/ca/1/product_assets/X/3/4/W/H/NMX34WH_au.jpg', 'path': 'images/NMX34WH_au.jpg', 'checksum': '713071a35c6b9440055609931cdc8143'}, {'url': 'http://images.neimanmarcus.com/ca/1/product_assets/X/3/4/W/H/NMX34WH_bu.jpg', 'path': 'images/NMX34WH_bu.jpg', 'checksum': '87044c71954eac4afdeb827d1f375e2d'}]","Ruge Asymmetric Snake-Embossed Thong Sandal, Black"
,"Jimmy Choo vachetta leather sandal. 4.5"" glitter-striped cork wedge heel; 1.3"" platform; 3.2"" equiv. Crisscross straps over open toe. Logo-engraved silvertone plate at toe. Slide-on style. Lightly padded footbed. Rubber sole. ""Perfume"" is made in Spain.",http://www.neimanmarcus.com/en-de/Jimmy-Choo-Perfume-Leather-Wedge-Slide-Sandal-Optic-White-All-Shoes/prod188020397_cat47190746__/p.prod?icid=&searchType=EndecaDrivenCat&rte=%252Fcategory.jsp%253FitemId%253Dcat47190746%2526pageSize%253D30%2526No%253D0%2526refinements%253D&eItemId=prod188020397&cmCat=product,EUR 444.64,Jimmy Choo,"http://images.neimanmarcus.com/ca/2/product_assets/X/3/4/S/1/NMX34S1_mu.jpg,http://images.neimanmarcus.com/ca/1/product_assets/X/3/4/S/1/NMX34S1_au.jpg,http://images.neimanmarcus.com/ca/1/product_assets/X/3/4/S/1/NMX34S1_bu.jpg,http://images.neimanmarcus.com/ca/2/product_assets/X/3/4/S/1/NMX34S1_mg.jpg,http://images.neimanmarcus.com/ca/1/product_assets/X/3/4/S/1/NMX34S1_ag.jpg,http://images.neimanmarcus.com/ca/1/product_assets/X/3/4/S/1/NMX34S1_bg.jpg",,"[{'url': 'http://images.neimanmarcus.com/ca/2/product_assets/X/3/4/S/1/NMX34S1_mu.jpg', 'path': 'images/NMX34S1_mu.jpg', 'checksum': '510ab19c4b7e4fa59c15d4976b08ec6a'}, {'url': 'http://images.neimanmarcus.com/ca/1/product_assets/X/3/4/S/1/NMX34S1_au.jpg', 'path': 'images/NMX34S1_au.jpg', 'checksum': '471c42dc97881adcefb1279ba6c6ae3e'}, {'url': 'http://images.neimanmarcus.com/ca/1/product_assets/X/3/4/S/1/NMX34S1_bu.jpg', 'path': 'images/NMX34S1_bu.jpg', 'checksum': '55f9fabfc864746be005cf3002ad5408'}]","Perfume Leather Wedge Slide Sandal, Optic White"
EUR 131.05 ,"Cole Haan metallic leather sandal. 1"" flat heel. Thong strap. Golden logo charm. Adjustable slingback strap. Padded footbed. Rubber outsole. ""Violette II"" is imported.",http://www.neimanmarcus.com/en-de/Cole-Haan-Violette-II-Leather-T-Strap-Sandal-Soft-Gold-All-Shoes/prod187820026_cat47190746__/p.prod?icid=&searchType=EndecaDrivenCat&rte=%252Fcategory.jsp%253FitemId%253Dcat47190746%2526pageSize%253D30%2526No%253D0%2526refinements%253D&eItemId=prod187820026&cmCat=product,,Cole Haan,"http://images.neimanmarcus.com/ca/1/product_assets/X/3/4/F/C/NMX34FC_mu.jpg,http://images.neimanmarcus.com/ca/1/product_assets/X/3/4/F/C/NMX34FC_au.jpg,http://images.neimanmarcus.com/ca/1/product_assets/X/3/4/F/C/NMX34FC_bu.jpg,http://images.neimanmarcus.com/ca/1/product_assets/X/3/4/F/C/NMX34FC_mg.jpg,http://images.neimanmarcus.com/ca/1/product_assets/X/3/4/F/C/NMX34FC_ag.jpg,http://images.neimanmarcus.com/ca/1/product_assets/X/3/4/F/C/NMX34FC_bg.jpg",,"[{'url': 'http://images.neimanmarcus.com/ca/1/product_assets/X/3/4/F/C/NMX34FC_mu.jpg', 'path': 'images/NMX34FC_mu.jpg', 'checksum': 'eac71144c14479142f4a6643c2db7734'}, {'url': 'http://images.neimanmarcus.com/ca/1/product_assets/X/3/4/F/C/NMX34FC_au.jpg', 'path': 'images/NMX34FC_au.jpg', 'checksum': 'bdd36b1f6694f9d623d8b2c0570aabc6'}, {'url': 'http://images.neimanmarcus.com/ca/1/product_assets/X/3/4/F/C/NMX34FC_bu.jpg', 'path': 'images/NMX34FC_bu.jpg', 'checksum': '67beacd7c19501c6de4154da58ccac00'}]","Violette II Leather T-Strap Sandal, Soft Gold"
,"Christian Louboutin shiny napa leather pump. 4"" covered heel; 0.5"" platform; 3.5"" equiv. Pointed toe. Topstitched collar. Slip-on style. Padded footbed. Signature red leather outsole. ""Pigalle Plato"" is made in Italy.",http://www.neimanmarcus.com/en-de/Christian-Louboutin-Pigalle-Plato-Leather-Red-Sole-Pump-Black-All-Shoes/prod188270205_cat47190746__/p.prod?icid=&searchType=EndecaDrivenCat&rte=%252Fcategory.jsp%253FitemId%253Dcat47190746%2526pageSize%253D30%2526No%253D0%2526refinements%253D&eItemId=prod188270205&cmCat=product,EUR 744.19,Christian Louboutin,"http://images.neimanmarcus.com/ca/2/product_assets/X/3/4/Z/2/NMX34Z2_mu.jpg,http://images.neimanmarcus.com/ca/1/product_assets/X/3/4/Z/2/NMX34Z2_au.jpg,http://images.neimanmarcus.com/ca/1/product_assets/X/3/4/Z/2/NMX34Z2_bu.jpg,http://images.neimanmarcus.com/ca/2/product_assets/X/3/4/Z/2/NMX34Z2_mg.jpg,http://images.neimanmarcus.com/ca/1/product_assets/X/3/4/Z/2/NMX34Z2_ag.jpg,http://images.neimanmarcus.com/ca/1/product_assets/X/3/4/Z/2/NMX34Z2_bg.jpg",,"[{'url': 'http://images.neimanmarcus.com/ca/2/product_assets/X/3/4/Z/2/NMX34Z2_mu.jpg', 'path': 'images/NMX34Z2_mu.jpg', 'checksum': 'a6b5487240b800984670b3ba09a09a36'}, {'url': 'http://images.neimanmarcus.com/ca/1/product_assets/X/3/4/Z/2/NMX34Z2_au.jpg', 'path': 'images/NMX34Z2_au.jpg', 'checksum': '5ba2a54225e37daf5d8f82f98fcc7f1f'}, {'url': 'http://images.neimanmarcus.com/ca/1/product_assets/X/3/4/Z/2/NMX34Z2_bu.jpg', 'path': 'images/NMX34Z2_bu.jpg', 'checksum': 'c668b6e98a8022630bc4274a3c92144d'}]","Pigalle Plato Leather Red Sole Pump, Black"
EUR 182.54 ,"Vince perforated calfskin leather slip-on skate sneaker. 0.5"" platform heel. Round toe. Notched vamp with stretch insets. Leather lining and padded insole. Rubber outsole. ""Blair"" is imported of Italian material.",http://www.neimanmarcus.com/en-de/Vince-Blair-5-Perforated-Slip-On-Sneaker-White-All-Shoes/prod190420169_cat47190746__/p.prod?icid=&searchType=EndecaDrivenCat&rte=%252Fcategory.jsp%253FitemId%253Dcat47190746%2526pageSize%253D30%2526No%253D0%2526refinements%253D&eItemId=prod190420169&cmCat=product,,Vince,"http://images.neimanmarcus.com/ca/2/product_assets/X/3/9/N/R/NMX39NR_mu.jpg,http://images.neimanmarcus.com/ca/2/product_assets/X/3/9/N/R/NMX39NR_au.jpg,http://images.neimanmarcus.com/ca/2/product_assets/X/3/9/N/R/NMX39NR_bu.jpg,http://images.neimanmarcus.com/ca/2/product_assets/X/3/9/N/R/NMX39NR_mg.jpg,http://images.neimanmarcus.com/ca/2/product_assets/X/3/9/N/R/NMX39NR_ag.jpg,http://images.neimanmarcus.com/ca/2/product_assets/X/3/9/N/R/NMX39NR_bg.jpg",EUR 136.67,"[{'url': 'http://images.neimanmarcus.com/ca/2/product_assets/X/3/9/N/R/NMX39NR_mu.jpg', 'path': 'images/NMX39NR_mu.jpg', 'checksum': 'bcfe06c5406574a4f05ba68c289896f6'}, {'url': 'http://images.neimanmarcus.com/ca/2/product_assets/X/3/9/N/R/NMX39NR_au.jpg', 'path': 'images/NMX39NR_au.jpg', 'checksum': 'a7b9e074c10d025792808f2f7c429af3'}, {'url': 'http://images.neimanmarcus.com/ca/2/product_assets/X/3/9/N/R/NMX39NR_bu.jpg', 'path': 'images/NMX39NR_bu.jpg', 'checksum': '8047609110acbb462b9b073cfc11e977'}]","Blair 5 Perforated Slip-On Sneaker, White"
